<?xml version="1.0" encoding="UTF-8"?>
<!DOCTYPE suite SYSTEM "https://testng.org/testng-1.0.dtd">
<suite name="Suite">
<listeners>
	<listener class-name="Utilities.ExtentReportManager"></listener>
</listeners>
  <test name="ChromeTest"> 
  <parameter name="browser" value="Chrome"></parameter>
   <parameter name="manufacturer" value="Honda"></parameter>
   <parameter name="email" value="abcdefgh"/>
  <classes>
   <class name="TestCases.TestCase"/>
   </classes>
  </test>
  
  <test name="EdgeTest"> 
  <parameter name="browser" value="Edge"></parameter>
  <parameter name="manufacturer" value="Honda"></parameter>
   <parameter name="email" value="abcdefgh"/>
    <classes>
   <class name="TestCases.TestCase"/>
  </classes>
  </test>
  
</suite> 